model,top_k,genre_overlap_mean,genre_jaccard_mean
gte_modernbert,5,0.8105263157894737,0.46347117794486214
mpnet,5,0.8315789473684211,0.4342606516290727
minilm,5,0.7789473684210527,0.40513784461152885
gte_modernbert,10,0.8473684210526317,0.43015664160400996
mpnet,10,0.8315789473684211,0.4242355889724311
minilm,10,0.8052631578947369,0.38916040100250626
